id,id_provinsi,name,kind
7293,12,KAB. TAPANULI SELATAN,KABUPATEN
7560,12,KAB. NIAS,KABUPATEN
8042,12,KAB. KARO,KABUPATEN
8742,12,KAB. SIMALUNGUN,KABUPATEN
9187,12,KAB. ASAHAN,KABUPATEN
9417,12,KAB. LABUHANBATU,KABUPATEN
9683,12,KAB. TOBA SAMOSIR,KABUPATEN
9943,12,KAB. MANDAILING NATAL,KABUPATEN
10371,12,KAB. NIAS SELATAN,KABUPATEN
10864,12,KAB. PAKPAK BHARAT,KABUPATEN
10925,12,KAB. HUMBANG HASUNDUTAN,KABUPATEN
11090,12,KAB. SAMOSIR,KABUPATEN
11234,12,KAB. SERDANG BEDAGAI,KABUPATEN
12368,12,KAB. LABUHANBATU SELATAN,KABUPATEN
12428,12,KAB. LABUHANBATU UTARA,KABUPATEN
12527,12,KAB. NIAS UTARA,KABUPATEN
12652,12,KAB. NIAS BARAT,KABUPATEN
12766,12,KOTA MEDAN,KOTA
12939,12,KOTA PEMATANG SIANTAR,KOTA
13000,12,KOTA SIBOLGA,KOTA
13022,12,KOTA TANJUNG BALAI,KOTA
13060,12,KOTA BINJAI,KOTA
13103,12,KOTA TEBING TINGGI,KOTA
13144,12,KOTA PADANGSIDIMPUAN,KOTA
13230,12,KOTA GUNUNGSITOLI,KOTA
13339,13,KAB. PESISIR SELATAN,KABUPATEN
13537,13,KAB. SOLOK,KABUPATEN
13626,13,KAB. SIJUNJUNG,KABUPATEN
13696,13,KAB. TANAH DATAR,KABUPATEN
13786,13,KAB. PADANG PARIAMAN,KABUPATEN
13864,13,KAB. AGAM,KABUPATEN
13963,13,KAB. LIMA PULUH KOTA,KABUPATEN
14056,13,KAB. PASAMAN,KABUPATEN
14101,13,KAB. KEPULAUAN MENTAWAI,KABUPATEN
14155,13,KAB. DHARMASRAYA,KABUPATEN
14219,13,KAB. SOLOK SELATAN,KABUPATEN
14266,13,KAB. PASAMAN BARAT,KABUPATEN
14297,13,KOTA PADANG,KOTA
14413,13,KOTA SOLOK,KOTA
14429,13,KOTA SAWAHLUNTO,KOTA
14471,13,KOTA PADANG PANJANG,KOTA
14490,13,KOTA BUKITTINGGI,KOTA
14518,13,KOTA PAYAKUMBUH,KOTA
14600,13,KOTA PARIAMAN,KOTA
14949,14,KAB. INDRAGIRI HULU,KABUPATEN
15158,14,KAB. BENGKALIS,KABUPATEN
15580,14,KAB.  PELALAWAN,KABUPATEN
15711,14,KAB.  ROKAN HULU,KABUPATEN
15873,14,KAB.  ROKAN HILIR,KABUPATEN
16073,14,KAB.  SIAK,KABUPATEN
16219,14,KAB. KUANTAN SINGINGI,KABUPATEN
16464,14,KAB. KEPULAUAN MERANTI,KABUPATEN
16646,14,KOTA DUMAI,KOTA
16688,15,KAB.  KERINCI,KABUPATEN
16992,15,KAB.  MERANGIN,KABUPATEN
17232,15,KAB. SAROLANGUN,KABUPATEN
17401,15,KAB. BATANGHARI,KABUPATEN
17533,15,KAB.  MUARO JAMBI,KABUPATEN
17700,15,KAB. TANJUNG JABUNG BARAT,KABUPATEN
17848,15,KAB. TANJUNG JABUNG TIMUR,KABUPATEN
17953,15,KAB. BUNGO,KABUPATEN
18124,15,KAB. TEBO,KABUPATEN
18249,15,KOTA JAMBI,KOTA
18320,15,KOTA SUNGAI PENUH,KOTA
18399,16,KAB. OGAN KOMERING ULU,KABUPATEN
19563,16,KAB. MUSI RAWAS,KABUPATEN
20352,16,KAB. OGAN KOMERING ULU TIMUR,KABUPATEN
20685,16,KAB. OGAN KOMERING ULU SELATAN,KABUPATEN
20964,16,KAB. OGAN ILIR,KABUPATEN
21386,16,KAB. PENUKAL ABAB LEMATANG ILIR,KABUPATEN
21454,16,KAB. MUSI RAWAS UTARA,KABUPATEN
21842,17,KAB. BENGKULU SELATAN,KABUPATEN
22012,17,KAB. REJANG LEBONG,KABUPATEN
22184,17,KAB. BENGKULU UTARA,KABUPATEN
22422,17,KAB. KAUR,KABUPATEN
22633,17,KAB. SELUMA,KABUPATEN
22850,17,KAB. MUKO MUKO,KABUPATEN
23017,17,KAB. LEBONG,KABUPATEN
23134,17,KAB. KEPAHIANG,KABUPATEN
23260,17,KAB. BENGKULU TENGAH,KABUPATEN
23414,17,KOTA BENGKULU,KOTA
23492,18,KAB. LAMPUNG SELATAN,KABUPATEN
23770,18,KAB. LAMPUNG TENGAH,KABUPATEN
25023,18,KAB. LAMPUNG TIMUR,KABUPATEN
25312,18,KAB. WAY KANAN,KABUPATEN
25554,18,KAB. PESAWARAN,KABUPATEN
26067,18,KAB. PESISIR BARAT,KABUPATEN
26197,18,KOTA BANDAR LAMPUNG,KOTA
26344,18,KOTA METRO,KOTA
26514,19,KAB. BANGKA SELATAN,KABUPATEN
26576,19,KAB. BANGKA TENGAH,KABUPATEN
26646,19,KAB. BANGKA BARAT,KABUPATEN
26717,19,KAB. BELITUNG TIMUR,KABUPATEN
26815,21,KAB. BINTAN,KABUPATEN
26877,21,KAB. KARIMUN,KABUPATEN
26961,21,KAB. NATUNA,KABUPATEN
27050,21,KAB. LINGGA,KABUPATEN
27142,21,KAB. KEPULAUAN ANAMBAS,KABUPATEN
27204,21,KOTA BATAM,KOTA
27281,21,KOTA TANJUNG PINANG,KOTA
28098,32,KAB. SUKABUMI,KABUPATEN
28532,32,KAB. CIANJUR,KABUPATEN
28924,32,KAB. BANDUNG,KABUPATEN
29721,32,KAB. TASIKMALAYA,KABUPATEN
31958,32,KAB. INDRAMAYU,KABUPATEN
32800,32,KAB. KARAWANG,KABUPATEN
33533,32,KAB. PANGANDARAN,KABUPATEN
34032,32,KOTA DEPOK,KOTA
34905,33,KAB. PURBALINGGA,KABUPATEN
35462,33,KAB. KEBUMEN,KABUPATEN
35949,33,KAB. PURWOREJO,KABUPATEN
36460,33,KAB. WONOSOBO,KABUPATEN
37135,33,KAB. BOYOLALI,KABUPATEN
37422,33,KAB. KLATEN,KABUPATEN
37850,33,KAB. SUKOHARJO,KABUPATEN
38030,33,KAB. WONOGIRI,KABUPATEN
38545,33,KAB. SRAGEN,KABUPATEN
38774,33,KAB. GROBOGAN,KABUPATEN
39074,33,KAB. BLORA,KABUPATEN
39386,33,KAB. REMBANG,KABUPATEN
40477,33,KAB. DEMAK,KABUPATEN
40741,33,KAB. SEMARANG,KABUPATEN
41306,33,KAB. KENDAL,KABUPATEN
41877,33,KAB. PEKALONGAN,KABUPATEN
42182,33,KAB. PEMALANG,KABUPATEN
43040,33,KOTA MAGELANG,KOTA
43061,33,KOTA SURAKARTA,KOTA
43146,33,KOTA SEMARANG,KOTA
43340,33,KOTA PEKALONGAN,KOTA
43506,34,KAB. BANTUL,KABUPATEN
43599,34,KAB. GUNUNG KIDUL,KABUPATEN
43762,34,KAB. SLEMAN,KABUPATEN
43927,35,KAB. PACITAN,KABUPATEN
44111,35,KAB. PONOROGO,KABUPATEN
44440,35,KAB. TRENGGALEK,KABUPATEN
44903,35,KAB. BLITAR,KABUPATEN
45174,35,KAB. KEDIRI,KABUPATEN
45545,35,KAB. MALANG,KABUPATEN
46195,35,KAB. JEMBER,KABUPATEN
46475,35,KAB. BANYUWANGI,KABUPATEN
46960,35,KAB. SITUBONDO,KABUPATEN
47859,35,KAB. SIDOARJO,KABUPATEN
48231,35,KAB. MOJOKERTO,KABUPATEN
49663,35,KAB. NGAWI,KABUPATEN
50358,35,KAB. TUBAN,KABUPATEN
50707,35,KAB. LAMONGAN,KABUPATEN
51209,35,KAB. GRESIK,KABUPATEN
52288,35,KAB. SUMENEP,KABUPATEN
52700,35,KOTA BLITAR,KOTA
52823,35,KOTA PASURUAN,KOTA
52914,35,KOTA SURABAYA,KOTA
53129,36,KAB. PANDEGLANG,KABUPATEN
54182,36,KAB. SERANG,KABUPATEN
54656,36,KOTA CILEGON,KOTA
54781,36,KOTA TANGERANG SELATAN,KOTA
54844,51,KAB. JEMBRANA,KABUPATEN
54901,51,KAB. TABANAN,KABUPATEN
55045,51,KAB. BADUNG,KABUPATEN
55256,51,KAB. BANGLI,KABUPATEN
55333,51,KAB. KARANGASEM,KABUPATEN
55578,51,KOTA DENPASAR,KOTA
55760,52,KAB. LOMBOK TENGAH,KABUPATEN
56187,52,KAB. SUMBAWA,KABUPATEN
56377,52,KAB. DOMPU,KABUPATEN
56467,52,KAB. BIMA,KABUPATEN
56677,52,KAB. SUMBAWA BARAT,KABUPATEN
56750,52,KAB. LOMBOK UTARA,KABUPATEN
56789,52,KOTA MATARAM,KOTA
57403,53,KAB. TIMOR TENGAH UTARA,KABUPATEN
57621,53,KAB. BELU,KABUPATEN
58660,53,KAB. NGADA,KABUPATEN
58824,53,KAB. MANGGARAI,KABUPATEN
58998,53,KAB. SUMBA TIMUR,KABUPATEN
59177,53,KAB. SUMBA BARAT,KABUPATEN
59519,53,KAB. MANGGARAI BARAT,KABUPATEN
60220,53,KAB. SABU RAIJUA,KABUPATEN
60289,53,KAB. MALAKA,KABUPATEN
60488,61,KAB. SAMBAS,KABUPATEN
60963,61,KAB. KETAPANG,KABUPATEN
61233,61,KAB. SINTANG,KABUPATEN
61535,61,KAB. KAPUAS HULU,KABUPATEN
61841,61,KAB. BENGKAYANG,KABUPATEN
62153,61,KAB. SEKADAU,KABUPATEN
62248,61,KAB. MELAWI,KABUPATEN
62674,62,KAB. KOTAWARINGIN BARAT,KABUPATEN
62775,62,KAB. KOTAWARINGIN TIMUR,KABUPATEN
62978,62,KAB. KAPUAS,KABUPATEN
63227,62,KAB. BARITO SELATAN,KABUPATEN
63327,62,KAB. BARITO UTARA,KABUPATEN
63440,62,KAB. KATINGAN,KABUPATEN
63615,62,KAB. SERUYAN,KABUPATEN
63726,62,KAB. SUKAMARA,KABUPATEN
63764,62,KAB. LAMANDAU,KABUPATEN
63861,62,KAB. GUNUNG MAS,KABUPATEN
64001,62,KAB. PULANG PISAU,KABUPATEN
64109,62,KAB. MURUNG RAYA,KABUPATEN
64245,62,KAB. BARITO TIMUR,KABUPATEN
64360,62,KOTA PALANGKARAYA,KOTA
64397,63,KAB. TANAH LAUT,KABUPATEN
64544,63,KAB. KOTABARU,KABUPATEN
64768,63,KAB. BANJAR,KABUPATEN
65078,63,KAB. BARITO KUALA,KABUPATEN
65297,63,KAB. TAPIN,KABUPATEN
65445,63,KAB. HULU SUNGAI SELATAN,KABUPATEN
65605,63,KAB. HULU SUNGAI TENGAH,KABUPATEN
65786,63,KAB. HULU SUNGAI UTARA,KABUPATEN
66014,63,KAB. TABALONG,KABUPATEN
66158,63,KAB. TANAH BUMBU,KABUPATEN
66319,63,KAB. BALANGAN,KABUPATEN
66485,63,KOTA BANJARMASIN,KOTA
66543,63,KOTA BANJARBARU,KOTA
66570,64,KAB. PASER,KABUPATEN
66725,64,KAB. KUTAI KARTANEGARA,KABUPATEN
66981,64,KAB. BERAU,KABUPATEN
67102,64,KAB. KUTAI BARAT,KABUPATEN
67313,64,KAB. KUTAI TIMUR,KABUPATEN
67526,64,KAB. MAHAKAM ULU,KABUPATEN
67582,64,KOTA BALIKPAPAN,KOTA
67623,64,KOTA SAMARINDA,KOTA
67693,64,KOTA BONTANG,KOTA
67713,65,KAB. BULUNGAN,KABUPATEN
67805,65,KAB. MALINAU,KABUPATEN
67930,65,KAB. NUNUKAN,KABUPATEN
68187,65,KAB. TANA TIDUNG,KABUPATEN
68225,65,KOTA TARAKAN,KOTA
68251,71,KAB. BOLAANG MONGONDOW,KABUPATEN
68469,71,KAB. MINAHASA,KABUPATEN
68765,71,KAB. KEPULAUAN SANGIHE,KABUPATEN
68948,71,KAB. KEPULAUAN TALAUD,KABUPATEN
69121,71,KAB. MINAHASA SELATAN,KABUPATEN
69301,71,KAB. MINAHASA UTARA,KABUPATEN
69444,71,KAB. MINAHASA TENGGARA,KABUPATEN
69601,71,KAB. BOLAANG MONGONDOW UTARA,KABUPATEN
69715,71,KAB. KEP. SIAU TAGULANDANG BIARO,KABUPATEN
69819,71,KAB. BOLAANG MONGONDOW TIMUR,KABUPATEN
69906,71,KAB. BOLAANG MONGONDOW SELATAN,KABUPATEN
69993,71,KOTA MANADO,KOTA
70092,71,KOTA BITUNG,KOTA
70170,71,KOTA TOMOHON,KOTA
70220,71,KOTA KOTAMOBAGU,KOTA
70256,72,KAB. BANGGAI,KABUPATEN
70617,72,KAB. POSO,KABUPATEN
70803,72,KAB. DONGGALA,KABUPATEN
70987,72,KAB. TOLI TOLI,KABUPATEN
71102,72,KAB. BUOL,KABUPATEN
71229,72,KAB. MOROWALI,KABUPATEN
71372,72,KAB. BANGGAI KEPULAUAN,KABUPATEN
71529,72,KAB. PARIGI MOUTONG,KABUPATEN
71836,72,KAB. TOJO UNA UNA,KABUPATEN
71995,72,KAB. SIGI,KABUPATEN
72187,72,KAB. BANGGAI LAUT,KABUPATEN
72261,72,KAB. MOROWALI UTARA,KABUPATEN
72396,72,KOTA PALU,KOTA
72451,73,KAB. KEPULAUAN SELAYAR,KABUPATEN
72551,73,KAB. BULUKUMBA,KABUPATEN
73009,73,KAB. GOWA,KABUPATEN
73685,73,KAB. MAROS,KABUPATEN
73803,73,KAB. PANGKAJENE KEPULAUAN,KABUPATEN
73920,73,KAB. BARRU,KABUPATEN
73983,73,KAB. SOPPENG,KABUPATEN
74898,73,KAB. TANA TORAJA,KABUPATEN
75078,73,KAB. LUWU UTARA,KABUPATEN
75264,73,KAB. LUWU TIMUR,KABUPATEN
75403,73,KAB. TORAJA UTARA,KABUPATEN
76290,74,KAB. MUNA,KABUPATEN
76567,74,KAB. KONAWE SELATAN,KABUPATEN
77108,74,KAB. WAKATOBI,KABUPATEN
77368,74,KAB. KONAWE UTARA,KABUPATEN
77525,74,KAB. BUTON UTARA,KABUPATEN
77622,74,KAB. KOLAKA TIMUR,KABUPATEN
77768,74,KAB. KONAWE KEPULAUAN,KABUPATEN
78244,75,KAB. GORONTALO,KABUPATEN
78559,75,KAB. BONE BOLANGO,KABUPATEN
78743,75,KAB. PAHUWATO,KABUPATEN
79057,76,KAB. MAMUJU UTARA,KABUPATEN
79133,76,KAB. MAMUJU,KABUPATEN
79628,76,KAB. MAJENE,KABUPATEN
79719,76,KAB. MAMUJU TENGAH,KABUPATEN
80379,81,KAB. SERAM BAGIAN TIMUR,KABUPATEN
80691,81,KAB. KEPULAUAN ARU,KABUPATEN
80821,81,KAB. MALUKU BARAT DAYA,KABUPATEN
80956,81,KAB. BURU SELATAN,KABUPATEN
81134,82,KAB. HALMAHERA BARAT,KABUPATEN
81383,82,KAB. HALMAHERA UTARA,KABUPATEN
81597,82,KAB. HALMAHERA SELATAN,KABUPATEN
81876,82,KAB. KEPULAUAN SULA,KABUPATEN
81967,82,KAB. HALMAHERA TIMUR,KABUPATEN
82174,82,KAB. PULAU TALIABU,KABUPATEN
82254,82,KOTA TERNATE,KOTA
82339,82,KOTA TIDORE KEPULAUAN,KOTA
82438,91,KAB. MERAUKE,KABUPATEN
83188,91,KAB. NABIRE,KABUPATEN
84451,91,KAB. KEEROM,KABUPATEN
84550,91,KAB. PEGUNUNGAN BINTANG,KABUPATEN
84862,91,KAB. YAHUKIMO,KABUPATEN
86017,91,KAB. WAROPEN,KABUPATEN
86129,91,KAB. BOVEN DIGOEL,KABUPATEN
86442,91,KAB. ASMAT,KABUPATEN
86683,91,KAB. SUPIORI,KABUPATEN
86727,91,KAB. MAMBERAMO RAYA,KABUPATEN
86870,91,KAB. YALIMO,KABUPATEN
88368,92,KAB. MANOKWARI,KABUPATEN
88552,92,KAB. FAK FAK,KABUPATEN
88719,92,KAB. SORONG SELATAN,KABUPATEN
88856,92,KAB. RAJA AMPAT,KABUPATEN
89002,92,KAB. TELUK BINTUNI,KABUPATEN
89144,92,KAB. TELUK WONDAMA,KABUPATEN
89235,92,KAB. KAIMANA,KABUPATEN
89855,92,KAB. MANOKWARI SELATAN,KABUPATEN
89919,92,KAB. PEGUNUNGAN ARFAK,KABUPATEN
